_id,hotness,activityHotness,primaryCategory,words,similarArticles,coins,description,publishedAt,title,url,source,thumbnail,sourceDomain,originalImageUrl
5efde2120b40f100199608b5,73786.82000187419,4.648242614924429,General,2654,"[{'_id': '5efceaa70481c90019e8300f', 'title': 'Is EIP 1559 “Make or Break” for Ethereum’s Future?', 'publishedAt': '2020-07-01T11:15:56.000Z', 'sourceDomain': 'financemagnates.com', 'url': 'https://cryptocontrol.io/r/api/article/5efceaa70481c90019e8300f?ref=5efdf44922ee0f0018a677ca', 'thumbnail': 'https://cloudfront.cryptocontrol.io/thumbnails/5efceaa70481c90019e8300f-1593633447468.jpg'}, {'_id': '5efd349f0b40f1001990a462', 'title': 'Alt-Right Activist Stefan Molyneux Banned from Youtube, Raises $100K in Crypto Donations', 'publishedAt': '2020-07-02T00:15:05.000Z', 'sourceDomain': 'news.bitcoin.com', 'url': 'https://cryptocontrol.io/r/api/article/5efd349f0b40f1001990a462?ref=5efdf44922ee0f0018a677ca', 'thumbnail': 'https://cloudfront.cryptocontrol.io/thumbnails/5efd349f0b40f1001990a462-1593652384098.jpg'}, {'_id': '5efcf087288ed40019d4ed64', 'title': 'Bitcoin vs. Ethereum: Who Has the Better Monetary Policy', 'publishedAt': '2020-07-01T07:30:43.000Z', 'sourceDomain': 'cryptobriefing.com', 'url': 'https://cryptocontrol.io/r/api/article/5efcf087288ed40019d4ed64?ref=5efdf44922ee0f0018a677ca', 'thumbnail': 'https://cloudfront.cryptocontrol.io/thumbnails/5efcf087288ed40019d4ed64-1593634953768.jpg'}, {'_id': '5efcdbfcb5abe10019ed91f2', 'title': '60 Hong Kong-Based Vending Machines Support McAfee’s Ghost Token for Payments', 'publishedAt': '2020-06-30T15:10:46.000Z', 'sourceDomain': 'news.bitcoin.com', 'url': 'https://cryptocontrol.io/r/api/article/5efcdbfcb5abe10019ed91f2?ref=5efdf44922ee0f0018a677ca', 'thumbnail': 'https://cloudfront.cryptocontrol.io/thumbnails/5efcdbfcb5abe10019ed91f2-1593629692785.jpg'}, {'_id': '5efcf468ede690001a720670', 'title': 'Coin Race: Top Winners/Losers of June, 2nd Quarter, and 1st Half 2020', 'publishedAt': '2020-07-01T12:15:29.000Z', 'sourceDomain': 'cryptonews.com', 'url': 'https://cryptocontrol.io/r/api/article/5efcf468ede690001a720670?ref=5efdf44922ee0f0018a677ca', 'thumbnail': 'https://cloudfront.cryptocontrol.io/thumbnails/5efcf468ede690001a720670-1593635948175.jpg'}, {'_id': '5efce7550481c90019e816ac', 'title': 'Cardano Bucks the Negative Trend, SOL and GAME Advance, Jun. 29 ', 'publishedAt': '2020-06-29T18:09:00.000Z', 'sourceDomain': 'bitrates.com', 'url': 'https://cryptocontrol.io/r/api/article/5efce7550481c90019e816ac?ref=5efdf44922ee0f0018a677ca', 'thumbnail': 'https://cloudfront.cryptocontrol.io/thumbnails/5efce7550481c90019e816ac-1593632597875.jpeg'}, {'_id': '5efcec8f1d1eae00193e2bc8', 'title': ""Experts' Take: What Altcoins to Invest in July"", 'publishedAt': '2020-07-01T18:30:49.000Z', 'sourceDomain': 'ihodl.com', 'url': 'https://cryptocontrol.io/r/api/article/5efcec8f1d1eae00193e2bc8?ref=5efdf44922ee0f0018a677ca', 'thumbnail': 'https://cloudfront.cryptocontrol.io/thumbnails/5efcec8f1d1eae00193e2bc8-1593633935972.jpg'}, {'_id': '5efd0d550b40f100198f6346', 'title': 'Tether’s Market Valuation Grows 144% in 2020, USDT Market Cap Worth $10 Billion', 'publishedAt': '2020-07-01T22:10:19.000Z', 'sourceDomain': 'news.bitcoin.com', 'url': 'https://cryptocontrol.io/r/api/article/5efd0d550b40f100198f6346?ref=5efdf44922ee0f0018a677ca', 'thumbnail': 'https://cloudfront.cryptocontrol.io/thumbnails/5efd0d550b40f100198f6346-1593642325021.jpg'}]","[{'_id': '59cb59f9b0836b0a63aebc7c', 'name': 'Ethereum', 'tradingSymbol': 'ETH', 'slug': 'ethereum'}, {'_id': '5d097b02f9eb99001a2f0a6f', 'name': 'Grin', 'slug': 'grin', 'tradingSymbol': 'GRIN'}, {'_id': '59cb59e81c073f09e76f614b', 'name': 'Bitcoin', 'slug': 'bitcoin', 'tradingSymbol': 'BTC'}, {'_id': '59d21e9b83a0523906a45db6', 'name': 'Ethereum Classic', 'slug': 'ethereum-classic', 'tradingSymbol': 'ETC'}, {'_id': '5b3425042b8c16000fb017fa', 'name': 'FLIP', 'slug': 'flip', 'tradingSymbol': 'FLP'}, {'_id': '5a1aafdbda3d21115462edee', 'name': 'Bitcoin Gold', 'slug': 'bitcoin-gold', 'tradingSymbol': 'BTG'}, {'_id': '5e3844aa16c3760019f74eb4', 'name': 'Constant', 'slug': 'constant', 'tradingSymbol': 'CONST'}, {'_id': '5ac2c404a8134644d0cc0a32', 'name': 'Consensus', 'slug': 'consensus', 'tradingSymbol': 'SEN'}, {'_id': '5c05c3873c4bad0016c2504d', 'name': 'Online', 'slug': 'online', 'tradingSymbol': 'oio'}, {'_id': '59d21e9b83a0523906a45db5', 'name': 'Monero', 'slug': 'monero', 'tradingSymbol': 'XMR'}, {'_id': '5a7b931a02ac032bc9978269', 'name': 'Sense', 'slug': 'sense', 'tradingSymbol': 'SENSE'}, {'_id': '5e3844aa16c3760019f74e94', 'name': 'Beacon', 'slug': 'beacon', 'tradingSymbol': 'BECN'}, {'_id': '5e3844aa16c3760019f74f7b', 'name': 'TOP', 'slug': 'top', 'tradingSymbol': 'TOP'}, {'_id': '59d21e9b83a0523906a45e20', 'name': 'DECENT', 'slug': 'decent', 'tradingSymbol': 'DCT'}]","To mine or not to mine crypto? So, what’s the best crypto to mine in 2020? And according to motivational speakers and online financial “analysts”, there are a million ways of making money and staying profitable. Crypto and Bitcoin mining may well be the best option. Here are some reasons: Crypto…",2020-07-02T13:01:50.000Z,Best Crypto to Mine in 2020,https://cryptocontrol.io/r/api/article/5efde2120b40f100199608b5?ref=5efdf44922ee0f0018a677ca,"{'_id': '5bda96120c38a7001984d502', 'name': 'Cryptopolitan', 'url': 'https://www.cryptopolitan.com/', 'favicon': 'https://assets.cryptocontrol.io/favicons/5bda96120c38a7001984d502.png'}",https://cloudfront.cryptocontrol.io/thumbnails/5efde2120b40f100199608b5-1593696786306.jpg,cryptopolitan.com,https://r5y5g3p7.rocketcdn.me/wp-content/uploads/2020/07/best-cryptos-to-mine.jpg
5efdb1670b40f10019945fbc,73786.31484921309,4.664710324205854,Exchanges,587,"[{'_id': '5efd91350b40f10019936439', 'title': 'Analyst  Reveals the  Pitfalls in Bitcoin Wallets That Could Be Misused for Double-Spending', 'publishedAt': '2020-07-02T07:32:18.000Z', 'sourceDomain': 'currencytimes.co.in', 'url': 'https://cryptocontrol.io/r/api/article/5efd91350b40f10019936439?ref=5efdf44922ee0f0018a677ca', 'thumbnail': 'https://cloudfront.cryptocontrol.io/thumbnails/5efd91350b40f10019936439-1593676085763.jpg'}, {'_id': '5efd813a0b40f1001992d98f', 'title': 'Major Bitcoin wallets address double-spending attack exploit', 'publishedAt': '2020-07-02T06:01:06.000Z', 'sourceDomain': 'decrypt.co', 'url': 'https://cryptocontrol.io/r/api/article/5efd813a0b40f1001992d98f?ref=5efdf44922ee0f0018a677ca', 'thumbnail': 'https://cloudfront.cryptocontrol.io/thumbnails/5efd813a0b40f1001992d98f-1593671994094.jpg'}, {'_id': '5efd87680b40f100199319ad', 'title': 'Researchers Expose Flaw in Bitcoin Wallets That Could Be Exploited for Double-Spending - CoinDesk', 'publishedAt': '2020-07-02T06:00:00.000Z', 'sourceDomain': 'coindesk.com', 'url': 'https://cryptocontrol.io/r/api/article/5efd87680b40f100199319ad?ref=5efdf44922ee0f0018a677ca', 'thumbnail': 'https://cloudfront.cryptocontrol.io/thumbnails/5efd87680b40f100199319ad-1593673578667.png'}]","[{'_id': '59cb59e81c073f09e76f614b', 'name': 'Bitcoin', 'slug': 'bitcoin', 'tradingSymbol': 'BTC'}, {'_id': '5b7ca78b0c38a700190ebdff', 'name': 'Own', 'slug': 'own', 'tradingSymbol': 'CHX'}, {'_id': '5a7b930a02ac032bc9978189', 'name': 'Bread', 'slug': 'bread', 'tradingSymbol': 'BRD'}, {'_id': '5cd36d8270d74700100891ad', 'name': 'NEXT', 'slug': 'next', 'tradingSymbol': 'NET'}, {'_id': '5e3844a916c3760019f74da2', 'name': 'Edge', 'slug': 'edge', 'tradingSymbol': 'DADI'}]","Bitcoin wallet ZenGo has disclosed the “BigSpender” vulnerability existing in many crypto wallets, wherein an attacker can cancel a transaction but still make the funds appear in the victim’s wallet. Via the BigSpender Attack, the hacker creates the illusion that there are Bitcoins in the victim’s…",2020-07-02T09:54:03.000Z,Researchers Discover Flaw in Major Bitcoin Wallets That Could Trick Users to Think They Received BTC,https://cryptocontrol.io/r/api/article/5efdb1670b40f10019945fbc?ref=5efdf44922ee0f0018a677ca,"{'_id': '5adc20e7ec0af7be3539d369', 'name': 'ZyCrypto', 'url': 'https://zycrypto.com', 'favicon': 'https://assets.cryptocontrol.io/favicons/5adc20e7ec0af7be3539d369.png'}",https://cloudfront.cryptocontrol.io/thumbnails/5efdb1670b40f10019945fbc-1593684327278.jpg,zycrypto.com,https://zycrypto.com/wp-content/uploads/2020/07/Researchers-Discover-Flaw-That-Could-Trick-Users-to-Believing-They-Have-Bitcoin-In-Their-Wallets.jpg
5efdab6e0b40f10019943828,73786.12780191547,4.644468582126144,Government,422,"[{'_id': '5efcdba7b5abe10019ed91d9', 'title': 'Gold Industry Shaken as 83 Tons of Fake Gold Bars Used to Secure $2 Billion Loans in China', 'publishedAt': '2020-07-01T14:10:06.000Z', 'sourceDomain': 'news.bitcoin.com', 'url': 'https://cryptocontrol.io/r/api/article/5efcdba7b5abe10019ed91d9?ref=5efdf44922ee0f0018a677ca', 'thumbnail': 'https://cloudfront.cryptocontrol.io/thumbnails/5efcdba7b5abe10019ed91d9-1593629607773.jpg'}, {'_id': '5efd81630b40f1001992e742', 'title': 'Big Finance Tried to Discredit Bitcoin, Here’s Why They’re Wrong', 'publishedAt': '2020-07-02T06:36:11.000Z', 'sourceDomain': 'cryptobriefing.com', 'url': 'https://cryptocontrol.io/r/api/article/5efd81630b40f1001992e742?ref=5efdf44922ee0f0018a677ca', 'thumbnail': 'https://cloudfront.cryptocontrol.io/thumbnails/5efd81630b40f1001992e742-1593672035486.jpg'}, {'_id': '5efcf905ede690001a722544', 'title': 'Bitcoin Investors Pocketed 42% in Gains During the Second Quarter of 2020', 'publishedAt': '2020-07-01T19:01:36.000Z', 'sourceDomain': 'news.bitcoin.com', 'url': 'https://cryptocontrol.io/r/api/article/5efcf905ede690001a722544?ref=5efdf44922ee0f0018a677ca', 'thumbnail': 'https://cloudfront.cryptocontrol.io/thumbnails/5efcf905ede690001a722544-1593637126296.jpg'}, {'_id': '5efcdac9b5abe10019ed7d20', 'title': 'Who’s Buying Bitcoin? Retail Demand Expected to Double by 2024 Halving', 'publishedAt': '2020-07-01T08:25:00.000Z', 'sourceDomain': 'cointelegraph.com', 'url': 'https://cryptocontrol.io/r/api/article/5efcdac9b5abe10019ed7d20?ref=5efdf44922ee0f0018a677ca', 'thumbnail': 'https://cloudfront.cryptocontrol.io/thumbnails/5efcdac9b5abe10019ed7d20-1593629385981.jpg'}, {'_id': '5efd058d0b40f100198f46a2', 'title': 'Bitcoin demand will outpace supply within 8 years: report', 'publishedAt': '2020-07-01T21:46:02.000Z', 'sourceDomain': 'decrypt.co', 'url': 'https://cryptocontrol.io/r/api/article/5efd058d0b40f100198f46a2?ref=5efdf44922ee0f0018a677ca', 'thumbnail': 'https://cloudfront.cryptocontrol.io/thumbnails/5efd058d0b40f100198f46a2-1593640333494.jpg'}]","[{'_id': '59cb59e81c073f09e76f614b', 'name': 'Bitcoin', 'slug': 'bitcoin', 'tradingSymbol': 'BTC'}, {'_id': '5cd36d8270d74700100891ad', 'name': 'NEXT', 'slug': 'next', 'tradingSymbol': 'NET'}, {'_id': '5e3844aa16c3760019f7502f', 'name': 'PIXEL', 'slug': 'pixel', 'tradingSymbol': 'PXL'}, {'_id': '5a7b931102ac032bc99781f1', 'name': 'DATA', 'slug': 'data', 'tradingSymbol': 'DTA'}]","Despite all the talk of financial institutions entering bitcoin (BTC), retail demand may in fact end up consuming more than half of all physical supply of bitcoin after the next halving, a new report by crypto derivatives exchange Zubr said. According to the report, which analyzed data from…",2020-07-02T08:54:00.000Z,Retail May Consume 50% of Bitcoin Supply After Next Halving – Report,https://cryptocontrol.io/r/api/article/5efdab6e0b40f10019943828?ref=5efdf44922ee0f0018a677ca,"{'_id': '5c8fbb44a4410000111f614b', 'name': 'CryptoNews', 'url': 'https://cryptonews.com/', 'favicon': 'https://assets.cryptocontrol.io/favicons/5c8fbb44a4410000111f614b.png'}",https://cloudfront.cryptocontrol.io/thumbnails/5efdab6e0b40f10019943828-1593682798562.jpg,cryptonews.com,https://cimg.co/w/articles/0/5ef/da0c6cdfc1.jpg
5efdea590b40f10019964bfd,73785.47499127606,3.1182321556793955,Analysis,261,"[{'_id': '5efd481a0b40f100199120be', 'title': 'Comedian Bill Burr: ‘I’m Getting Bitcoin! F—- This!’', 'publishedAt': '2020-07-02T01:33:00.000Z', 'sourceDomain': 'cointelegraph.com', 'url': 'https://cryptocontrol.io/r/api/article/5efd481a0b40f100199120be?ref=5efdf44922ee0f0018a677ca', 'thumbnail': 'https://cloudfront.cryptocontrol.io/thumbnails/5efd481a0b40f100199120be-1593657371758.jpg'}, {'_id': '5efdd8ae0b40f1001995b1c0', 'title': 'The Tide is Turning, No-Coiner Bill Burr Convinced Over Merits of Bitcoin', 'publishedAt': '2020-07-02T12:46:36.000Z', 'sourceDomain': 'newsbtc.com', 'url': 'https://cryptocontrol.io/r/api/article/5efdd8ae0b40f1001995b1c0?ref=5efdf44922ee0f0018a677ca', 'thumbnail': 'https://cloudfront.cryptocontrol.io/thumbnails/5efdd8ae0b40f1001995b1c0-1593694382359.jpg'}]","[{'_id': '59cb59e81c073f09e76f614b', 'name': 'Bitcoin', 'slug': 'bitcoin', 'tradingSymbol': 'BTC'}]","The well-known bitcoin advocate, Anthony Pompliano has just recently persuaded Bill Burr to invest in cryptocurrency.  For those that don’t know, Bill is one of...
",2020-07-02T14:08:25.997Z,Are XRP and XLM competitors?,https://cryptocontrol.io/r/api/article/5efdea590b40f10019964bfd?ref=5efdf44922ee0f0018a677ca,"{'_id': '5b04f195311c75000f476271', 'name': 'Crypto Daily', 'url': 'https://cryptodaily.co.uk', 'favicon': 'https://assets.cryptocontrol.io/favicons/5b04f195311c75000f476271.jpg'}",https://cloudfront.cryptocontrol.io/thumbnails/5efdea590b40f10019964bfd-1593698906066.jpg,cryptodaily.co.uk,https://cryptodailycdn.ams3.digitaloceanspaces.com/uploads/featured-images/Generic/dollars-pile-many.jpg
5efdefbd0b40f10019968984,73785.45166022415,3.1058268908123976,General,1266,"[{'_id': '5efcf02b288ed40019d4ed4c', 'title': 'Everything you can buy with Bitcoin right now', 'publishedAt': '2020-07-01T17:48:15.000Z', 'sourceDomain': 'decrypt.co', 'url': 'https://cryptocontrol.io/r/api/article/5efcf02b288ed40019d4ed4c?ref=5efdf44922ee0f0018a677ca', 'thumbnail': 'https://cloudfront.cryptocontrol.io/thumbnails/5efcf02b288ed40019d4ed4c-1593634859582.jpg'}, {'_id': '5c70edd1ac676b00103468e8', 'title': 'Coindeal Review- Everything You Need To Know About Coindeal Exchange', 'publishedAt': '2019-02-23T06:44:43.000Z', 'sourceDomain': 'coinpedia.org', 'url': 'https://cryptocontrol.io/r/api/article/5c70edd1ac676b00103468e8?ref=5efdf44922ee0f0018a677ca', 'thumbnail': 'https://cdn.cryptocontrol.io/thumbnails/5c70edd1ac676b00103468e8-1550904785157.png'}]","[{'_id': '5bb406850c38a70019d2bd8a', 'name': 'Celsius', 'slug': 'celsius', 'tradingSymbol': 'CEL'}, {'_id': '5c12f2883c4bad0016455607', 'name': 'Platinum', 'slug': 'platinum', 'tradingSymbol': 'plat'}, {'_id': '59cb59e81c073f09e76f614b', 'name': 'Bitcoin', 'slug': 'bitcoin', 'tradingSymbol': 'BTC'}, {'_id': '59cb59f9b0836b0a63aebc7c', 'name': 'Ethereum', 'tradingSymbol': 'ETH', 'slug': 'ethereum'}, {'_id': '5afcc605ed3b0e000f40cf03', 'name': 'Nexo', 'slug': 'nexo', 'tradingSymbol': 'NEXO'}, {'_id': '5a7b930d02ac032bc99781ba', 'name': 'Dai', 'slug': 'dai', 'tradingSymbol': 'dai'}, {'_id': '59d21e9b83a0523906a45dbe', 'name': 'Tether', 'slug': 'tether', 'tradingSymbol': 'USDT'}, {'_id': '5e3844a916c3760019f74c8b', 'name': 'CREDIT', 'slug': 'credit', 'tradingSymbol': 'CREDIT'}, {'_id': '5a7b931a02ac032bc9978269', 'name': 'Sense', 'slug': 'sense', 'tradingSymbol': 'SENSE'}]","In this post, I’m going to show you exactly the 4 bitcoin savings account to earn interest in 2020. In fact, these are some of the bitcoin savings platforms with the best interest rates. So, if you are looking for the best bitcoin savings account in 2020, then you’ll love this new tutorial. Let’s…",2020-07-02T14:04:30.000Z,4 best bitcoin savings account to earn interest in 2020,https://cryptocontrol.io/r/api/article/5efdefbd0b40f10019968984?ref=5efdf44922ee0f0018a677ca,"{'_id': '5bacc03a0c38a7001908f88f', 'name': 'Kryptomoney', 'url': 'http://kryptomoney.com/', 'favicon': 'https://assets.cryptocontrol.io/favicons/5bacc03a0c38a7001908f88f.png'}",https://cloudfront.cryptocontrol.io/thumbnails/5efdefbd0b40f10019968984-1593700285772.jpg,kryptomoney.com,https://kryptomoney.com/wp-content/uploads/2020/07/bank-bitcoin-blockchain-blur.jpg
5efdd8940b40f1001995b1ad,73785.21452039722,3.1215111379616944,General,446,"[{'_id': '5efd86020b40f10019931707', 'title': 'Russian court rejects appeal for criminals to return stolen bitcoins as it is not a legal tender.', 'publishedAt': '2020-07-02T06:10:16.000Z', 'sourceDomain': 'coinnounce.com', 'url': 'https://cryptocontrol.io/r/api/article/5efd86020b40f10019931707?ref=5efdf44922ee0f0018a677ca', 'thumbnail': 'https://cloudfront.cryptocontrol.io/thumbnails/5efd86020b40f10019931707-1593673219461.jpg'}, {'_id': '5efd0cdd0b40f100198f6316', 'title': 'Russian Court: Theft Of 100 BTC Isn’t A Crime Because Bitcoin Isn’t Property', 'publishedAt': '2020-07-01T21:50:00.000Z', 'sourceDomain': 'cointelegraph.com', 'url': 'https://cryptocontrol.io/r/api/article/5efd0cdd0b40f100198f6316?ref=5efdf44922ee0f0018a677ca', 'thumbnail': 'https://cloudfront.cryptocontrol.io/thumbnails/5efd0cdd0b40f100198f6316-1593642205369.jpg'}]","[{'_id': '59d21e9b83a0523906a45de5', 'name': 'Status', 'slug': 'status', 'tradingSymbol': 'SNT'}, {'_id': '59cb59e81c073f09e76f614b', 'name': 'Bitcoin', 'slug': 'bitcoin', 'tradingSymbol': 'BTC'}, {'_id': '5e3844a916c3760019f74d40', 'name': 'Request', 'slug': 'request', 'tradingSymbol': 'REQ'}]","The court refused to force kidnappers, who stole $900,000 of Bitcoin from the victim,...
",2020-07-02T12:33:29.000Z,Russian court rules stolen Bitcoin cannot be returned to the owner,https://cryptocontrol.io/r/api/article/5efdd8940b40f1001995b1ad?ref=5efdf44922ee0f0018a677ca,"{'_id': '59d71bc4ef8bf95cc2aaf570', 'name': 'CoinJournal', 'url': 'http://coinjournal.net', 'favicon': 'https://assets.cryptocontrol.io/favicons/59d71bc4ef8bf95cc2aaf570.png'}",https://cloudfront.cryptocontrol.io/thumbnails/5efdd8940b40f1001995b1ad-1593694356575.jpg,coinjournal.net,https://coinjournal.net/wp-content/uploads/2020/07/03_Russian-court.jpg
5efdb9780b40f100199494ea,73784.86864865322,3.139204208777602,Analysis,483,"[{'_id': '5efdaf490b40f10019945f69', 'title': 'S2F Bitcoin Price Prediction Model as Accurate as Astrology, Says Exec', 'publishedAt': '2020-07-02T08:27:00.000Z', 'sourceDomain': 'cointelegraph.com', 'url': 'https://cryptocontrol.io/r/api/article/5efdaf490b40f10019945f69?ref=5efdf44922ee0f0018a677ca', 'thumbnail': 'https://cloudfront.cryptocontrol.io/thumbnails/5efdaf490b40f10019945f69-1593683785726.jpg'}, {'_id': '5efcf465ede690001a72066d', 'title': 'New ‘Red Dot’ and Criticism Hit Bitcoin S2F Model', 'publishedAt': '2020-07-01T13:34:00.000Z', 'sourceDomain': 'cryptonews.com', 'url': 'https://cryptocontrol.io/r/api/article/5efcf465ede690001a72066d?ref=5efdf44922ee0f0018a677ca', 'thumbnail': 'https://cloudfront.cryptocontrol.io/thumbnails/5efcf465ede690001a72066d-1593635944080.png'}]","[{'_id': '59cb59e81c073f09e76f614b', 'name': 'Bitcoin', 'slug': 'bitcoin', 'tradingSymbol': 'BTC'}, {'_id': '5b6e2704de3da2000fda0441', 'name': 'Quant', 'slug': 'quant', 'tradingSymbol': 'QNT'}, {'_id': '5b0600845d27780010d289f3', 'name': 'RED', 'slug': 'red', 'tradingSymbol': 'RED'}, {'_id': '5bdce5080c38a700195afa0b', 'name': 'Absolute', 'slug': 'absolute', 'tradingSymbol': 'ABS'}]","Leading members from the crypto network stay to show vulnerability over the stock-to-flow (S2F) plan, a Bitcoin (BTC) cost conjecture model newly refreshed by examiner PlanB.  Nico Cordeiro, CIO at crypto quant fund Strix Leviathan, called S2F a “chameleon,” an expression from Stanford teacher Paul…",2020-07-02T10:22:36.000Z,S2F Bitcoin Price Accurate Horoscope Model By Crypto Analyst,https://cryptocontrol.io/r/api/article/5efdb9780b40f100199494ea?ref=5efdf44922ee0f0018a677ca,"{'_id': '5b5626158cb221000fe2f223', 'name': 'Currency Times', 'url': 'http://currencytimes.co.in/', 'favicon': 'https://assets.cryptocontrol.io/favicons/5b5626158cb221000fe2f223.png'}",https://cloudfront.cryptocontrol.io/thumbnails/5efdb9780b40f100199494ea-1593686392686.jpg,currencytimes.co.in,https://i0.wp.com/www.currencytimes.co.in/wp-content/uploads/2020/07/Prediction.jpg?fit=741%2C486&ssl=1
5efdf46f0b40f1001996b32d,73784.03887841088,1.601980262729618,Analysis,349,"[{'_id': '5efddb460b40f1001995c88b', 'title': 'Leading payments processor Simplex adds support for Bitcoin SV across its global network', 'publishedAt': '2020-07-02T12:10:22.000Z', 'sourceDomain': 'coingeek.com', 'url': 'https://cryptocontrol.io/r/api/article/5efddb460b40f1001995c88b?ref=5efdf44922ee0f0018a677ca', 'thumbnail': 'https://cloudfront.cryptocontrol.io/thumbnails/5efddb460b40f1001995c88b-1593695046990.jpg'}]","[{'_id': '59cb59e81c073f09e76f614b', 'name': 'Bitcoin', 'slug': 'bitcoin', 'tradingSymbol': 'BTC'}, {'_id': '5bfc89093c4bad0016670af9', 'name': 'Bitcoin SV', 'slug': 'bitcoin-sv', 'tradingSymbol': 'BSV'}, {'_id': '5c05c3873c4bad0016c2504d', 'name': 'Online', 'slug': 'online', 'tradingSymbol': 'oio'}, {'_id': '5e3844a916c3760019f74c8b', 'name': 'CREDIT', 'slug': 'credit', 'tradingSymbol': 'CREDIT'}]","It will now be possible to purchase BSV by paying by credit card protected from possible fraud
",2020-07-02T14:37:17.000Z,Simplex adds support for Bitcoin SV,https://cryptocontrol.io/r/api/article/5efdf46f0b40f1001996b32d?ref=5efdf44922ee0f0018a677ca,"{'_id': '5cfa747b28d54f001058f77e', 'name': 'The Cryptonomist ', 'url': 'https://cryptonomist.ch/en/', 'favicon': 'https://assets.cryptocontrol.io/favicons/5cfa747b28d54f001058f77e.png'}",https://cloudfront.cryptocontrol.io/thumbnails/5efdf46f0b40f1001996b32d-1593701487891.jpg,en.cryptonomist.ch,https://en.cryptonomist.ch/wp-content/uploads/2020/07/BSV-price-1-1.jpg
5efdf4780b40f1001996b33e,73783.91789318123,1.6009950330853169,Exchanges,517,"[{'_id': '5efceae60481c90019e83010', 'title': 'Bitcoin Suisse Prepares for Next Growth Phase', 'publishedAt': '2020-07-01T07:46:31.000Z', 'sourceDomain': 'financemagnates.com', 'url': 'https://cryptocontrol.io/r/api/article/5efceae60481c90019e83010?ref=5efdf44922ee0f0018a677ca', 'thumbnail': 'https://cloudfront.cryptocontrol.io/thumbnails/5efceae60481c90019e83010-1593633510565.jpg'}]","[{'_id': '59cb59e81c073f09e76f614b', 'name': 'Bitcoin', 'slug': 'bitcoin', 'tradingSymbol': 'BTC'}, {'_id': '5cd36d8270d74700100891ad', 'name': 'NEXT', 'slug': 'next', 'tradingSymbol': 'NET'}, {'_id': '59d21e9c83a0523906a45f94', 'name': 'Francs', 'slug': 'francs', 'tradingSymbol': 'FRN'}]","The company strengthens the Board of Directors and launches the IPO and STO project
",2020-07-02T13:54:05.000Z,Bitcoin Suisse prepares for launch on the stock exchange,https://cryptocontrol.io/r/api/article/5efdf4780b40f1001996b33e?ref=5efdf44922ee0f0018a677ca,"{'_id': '5cfa747b28d54f001058f77e', 'name': 'The Cryptonomist ', 'url': 'https://cryptonomist.ch/en/', 'favicon': 'https://assets.cryptocontrol.io/favicons/5cfa747b28d54f001058f77e.png'}",https://cloudfront.cryptocontrol.io/thumbnails/5efdf4780b40f1001996b33e-1593701497190.jpg,en.cryptonomist.ch,https://en.cryptonomist.ch/wp-content/uploads/2020/07/bitcoin-suisse.jpg
5efd51780b40f1001991779d,73783.90077693107,3.399573227355399,Government,369,"[{'_id': '5efd48180b40f100199120bd', 'title': 'Boomer and Gen-X Interest in Bitcoin Surges During Pandemic', 'publishedAt': '2020-07-02T02:15:00.000Z', 'sourceDomain': 'cointelegraph.com', 'url': 'https://cryptocontrol.io/r/api/article/5efd48180b40f100199120bd?ref=5efdf44922ee0f0018a677ca', 'thumbnail': 'https://cloudfront.cryptocontrol.io/thumbnails/5efd48180b40f100199120bd-1593657371579.jpg'}, {'_id': '5efd05930b40f100198f46b5', 'title': 'Bitcoin investments are now doubling among Boomers, Gen X', 'publishedAt': '2020-07-01T21:06:05.000Z', 'sourceDomain': 'decrypt.co', 'url': 'https://cryptocontrol.io/r/api/article/5efd05930b40f100198f46b5?ref=5efdf44922ee0f0018a677ca', 'thumbnail': 'https://cloudfront.cryptocontrol.io/thumbnails/5efd05930b40f100198f46b5-1593640339163.jpg'}]","[{'_id': '59cb59e81c073f09e76f614b', 'name': 'Bitcoin', 'slug': 'bitcoin', 'tradingSymbol': 'BTC'}, {'_id': '5a1aafdbda3d21115462ee14', 'name': 'Change', 'slug': 'change', 'tradingSymbol': 'CAG'}]","Discussions and interests surrounding Bitcoin investments have typically been constrained among Millennials and Generation Y as they are assumed to be the primary driving force behind Bitcoin adoption, taking humanity to an era of new financial technology. Mode Banking, a Bitcoin banking app and a…",2020-07-02T03:00:26.000Z,"Gen X doubles down on Bitcoin investments, report",https://cryptocontrol.io/r/api/article/5efd51780b40f1001991779d?ref=5efdf44922ee0f0018a677ca,"{'_id': '5bda96120c38a7001984d502', 'name': 'Cryptopolitan', 'url': 'https://www.cryptopolitan.com/', 'favicon': 'https://assets.cryptocontrol.io/favicons/5bda96120c38a7001984d502.png'}",https://cloudfront.cryptocontrol.io/thumbnails/5efd51780b40f1001991779d-1593659768193.jpg,cryptopolitan.com,https://r5y5g3p7.rocketcdn.me/wp-content/uploads/2020/07/a-couple-man-and-woman-seated-sharing-a-digital-ta-FHT4LZ7.jpg
5efde41b0b40f1001996191d,73783.78801591777,1.6086177696241053,Exchanges,410,"[{'_id': '5efd657d0b40f100199213b6', 'title': 'Court Likens Coinbase to a ‘Traditional Bank’ in Child Porn Appeal Case', 'publishedAt': '2020-07-02T04:15:00.000Z', 'sourceDomain': 'cointelegraph.com', 'url': 'https://cryptocontrol.io/r/api/article/5efd657d0b40f100199213b6?ref=5efdf44922ee0f0018a677ca', 'thumbnail': 'https://cloudfront.cryptocontrol.io/thumbnails/5efd657d0b40f100199213b6-1593664893990.jpg'}]","[{'_id': '5e3844aa16c3760019f74f7b', 'name': 'TOP', 'slug': 'top', 'tradingSymbol': 'TOP'}, {'_id': '59cb59e81c073f09e76f614b', 'name': 'Bitcoin', 'slug': 'bitcoin', 'tradingSymbol': 'BTC'}]","Some things are just strange to see, write about, or even acknowledge, to begin with. One such thing is how a three-judge panel made a [...]
",2020-07-02T13:04:35.000Z,Child Porn Case Makes US Court Liken Coinbase To A Traditional Bank,https://cryptocontrol.io/r/api/article/5efde41b0b40f1001996191d?ref=5efdf44922ee0f0018a677ca,"{'_id': '5ccabcb670d7470010854415', 'name': 'InsideBitcoins', 'url': 'https://insidebitcoins.com/', 'favicon': 'https://assets.cryptocontrol.io/favicons/5ccabcb670d7470010854415.png'}",https://cloudfront.cryptocontrol.io/thumbnails/5efde41b0b40f1001996191d-1593697307329.jpg,insidebitcoins.com,https://insidebitcoins.com/wp-content/uploads/2020/03/Coinbase1.jpg
5efdc06d0b40f1001994d53f,73783.30769450543,1.6231111720963387,Analysis,386,"[{'_id': '5efcf34a0b5da40019f34cb2', 'title': 'Bitcoin (BTC) at Crossroads as Price Approaches Imminent Breakdown or Breakout', 'publishedAt': '2020-07-01T12:52:51.000Z', 'sourceDomain': 'coinfomania.com', 'url': 'https://cryptocontrol.io/r/api/article/5efcf34a0b5da40019f34cb2?ref=5efdf44922ee0f0018a677ca', 'thumbnail': 'https://cloudfront.cryptocontrol.io/thumbnails/5efcf34a0b5da40019f34cb2-1593635658576.jpg'}]","[{'_id': '59cb59e81c073f09e76f614b', 'name': 'Bitcoin', 'slug': 'bitcoin', 'tradingSymbol': 'BTC'}, {'_id': '5e3844aa16c3760019f74f7b', 'name': 'TOP', 'slug': 'top', 'tradingSymbol': 'TOP'}]","Bitcoin (BTC) Price Prediction – July 2, 2020Bitcoin bulls have succeeded to push prices above $9,200 resistance as the market approaches the high of $9,300. [...]
",2020-07-02T10:06:27.000Z,"Bitcoin Price Prediction: Bitcoin (BTC) Shows Weakness above $9,200 Support, Signals an Imminent Downside Move",https://cryptocontrol.io/r/api/article/5efdc06d0b40f1001994d53f?ref=5efdf44922ee0f0018a677ca,"{'_id': '5ccabcb670d7470010854415', 'name': 'InsideBitcoins', 'url': 'https://insidebitcoins.com/', 'favicon': 'https://assets.cryptocontrol.io/favicons/5ccabcb670d7470010854415.png'}",https://cloudfront.cryptocontrol.io/thumbnails/5efdc06d0b40f1001994d53f-1593688173751.png,insidebitcoins.com,https://insidebitcoins.com/wp-content/uploads/2020/07/BTC-Insidebitcoin.png
5efdc00f0b40f1001994d52c,73783.28877718569,1.6148420005118274,Analysis,540,"[{'_id': '5efd48680b40f100199120de', 'title': 'Strategist: Next Wave of Bitcoin Investors Likely to Come from Robinhood', 'publishedAt': '2020-07-02T02:00:21.000Z', 'sourceDomain': 'newsbtc.com', 'url': 'https://cryptocontrol.io/r/api/article/5efd48680b40f100199120de?ref=5efdf44922ee0f0018a677ca', 'thumbnail': 'https://cloudfront.cryptocontrol.io/thumbnails/5efd48680b40f100199120de-1593657448574.jpg'}]","[{'_id': '59d21e9b83a0523906a45ee0', 'name': 'Dynamic', 'slug': 'dynamic', 'tradingSymbol': 'DYN'}, {'_id': '59cb59e81c073f09e76f614b', 'name': 'Bitcoin', 'slug': 'bitcoin', 'tradingSymbol': 'BTC'}, {'_id': '5b4be006c831fd000fc41c2d', 'name': 'Record', 'slug': 'record', 'tradingSymbol': 'rcd'}]","While bitcoin (BTC) is struggling to brake that psychologically relevant barrier of USD 10,000, it might be the ""bored millennials"" turning to platforms like stock trading app Robinhood who might propel the next rally. Since April 2020, bitcoin hasn't moved outside the USD 8,000-USD 10,000 range,…",2020-07-02T10:02:37.000Z,Young Robinhooders Might Be a Driving Force for Bitcoin Market,https://cryptocontrol.io/r/api/article/5efdc00f0b40f1001994d52c?ref=5efdf44922ee0f0018a677ca,"{'_id': '5c8fbb44a4410000111f614b', 'name': 'CryptoNews', 'url': 'https://cryptonews.com/', 'favicon': 'https://assets.cryptocontrol.io/favicons/5c8fbb44a4410000111f614b.png'}",https://cloudfront.cryptocontrol.io/thumbnails/5efdc00f0b40f1001994d52c-1593688082177.jpg,cryptonews.com,https://cimg.co/w/articles/0/5ef/db0db9bea0.jpg
5efd99c20b40f1001993b4f7,73782.97797342221,1.6300104592450337,Analysis,408,"[{'_id': '5efd73810b40f10019928afe', 'title': 'Lebanese Pound Falls 50% in Ten Days — Now Worth One Satoshi', 'publishedAt': '2020-07-02T04:32:00.000Z', 'sourceDomain': 'cointelegraph.com', 'url': 'https://cryptocontrol.io/r/api/article/5efd73810b40f10019928afe?ref=5efdf44922ee0f0018a677ca', 'thumbnail': 'https://cloudfront.cryptocontrol.io/thumbnails/5efd73810b40f10019928afe-1593668481363.jpg'}]","[{'_id': '59cb59e81c073f09e76f614b', 'name': 'Bitcoin', 'slug': 'bitcoin', 'tradingSymbol': 'BTC'}]","Lebanon has been witnessing a monetary crisis for over a year, mainly because of political turmoil in the country. Unofficial reports indicate that the Lebanese pound, or lira, has lost 50% of its purchasing power in less than two weeks. Now the value of Lebanese pound is worth a single satoshi. The…",2020-07-02T08:05:16.000Z,Lebanese pound continues to lose its value against the dollar as one lira is now worth a satoshi.,https://cryptocontrol.io/r/api/article/5efd99c20b40f1001993b4f7?ref=5efdf44922ee0f0018a677ca,"{'_id': '5d3acea9e19efe001b8c2121', 'name': 'Coinnounce', 'url': 'https://coinnounce.com/', 'favicon': 'https://assets.cryptocontrol.io/favicons/5d3acea9e19efe001b8c2121.png'}",https://cloudfront.cryptocontrol.io/thumbnails/5efd99c20b40f1001993b4f7-1593678277103.jpg,coinnounce.com,https://mk0coinnouncemdktlrl.kinstacdn.com/wp-content/uploads/2020/06/000_1lt0yj-1.jpg
5efd93990b40f1001993748b,73782.82329429842,1.6412109650826834,General,1019,"[{'_id': '5efcf01e288ed40019d4ed46', 'title': 'Bitcoin is buckling under Ethereum’s gravitational pull', 'publishedAt': '2020-07-01T18:31:02.000Z', 'sourceDomain': 'decrypt.co', 'url': 'https://cryptocontrol.io/r/api/article/5efcf01e288ed40019d4ed46?ref=5efdf44922ee0f0018a677ca', 'thumbnail': 'https://cloudfront.cryptocontrol.io/thumbnails/5efcf01e288ed40019d4ed46-1593634846289.jpg'}]","[{'_id': '59cb59e81c073f09e76f614b', 'name': 'Bitcoin', 'slug': 'bitcoin', 'tradingSymbol': 'BTC'}, {'_id': '59cb59f9b0836b0a63aebc7c', 'name': 'Ethereum', 'tradingSymbol': 'ETH', 'slug': 'ethereum'}, {'_id': '5e3844a816c3760019f74b72', 'name': 'Defi', 'slug': 'defi', 'tradingSymbol': 'DEFI'}, {'_id': '59d8e9a749f28d5610567413', 'name': 'Pulse', 'slug': 'pulse', 'tradingSymbol': 'pulse'}, {'_id': '5a1aafdbda3d21115462eead', 'name': 'ERC20', 'slug': 'erc20', 'tradingSymbol': 'ERC20'}, {'_id': '5e3844a816c3760019f74bbc', 'name': 'Medium', 'slug': 'medium', 'tradingSymbol': 'MDM'}, {'_id': '5bcfb6070c38a70019dcf8e8', 'name': 'Gravity', 'slug': 'gravity', 'tradingSymbol': 'GZRO'}, {'_id': '5e3844a916c3760019f74d82', 'name': 'BOOM', 'slug': 'boom', 'tradingSymbol': 'BOOM'}]","The crypto dominance race is being commanded by the decentralized finance (DeFi) landscape, as its relative protocols and tokens have outperformed Bitcoin and its brethren so far this year. Ethereum is the foundation of this new financial landscape, and it has been pulling more and more BTC into the…",2020-07-02T07:05:33.000Z,How the Ethereum Economy Could be Consuming Bitcoin,https://cryptocontrol.io/r/api/article/5efd93990b40f1001993748b?ref=5efdf44922ee0f0018a677ca,"{'_id': '5b964b640c38a70019787e71', 'name': 'BeInCrypto', 'url': 'https://beincrypto.com', 'favicon': 'https://assets.cryptocontrol.io/favicons/5b964b640c38a70019787e71.jpg'}",https://cloudfront.cryptocontrol.io/thumbnails/5efd93990b40f1001993748b-1593676697869.jpg,beincrypto.com,https://s32659.pcdn.co/wp-content/uploads/2019/09/bic_eth_btc_twitter.jpg.optimal.jpg
5efdf3a40b40f1001996a2d5,73782.57173822938,0.10487901641694322,General,388,[],"[{'_id': '5a7b931102ac032bc99781f1', 'name': 'DATA', 'slug': 'data', 'tradingSymbol': 'DTA'}, {'_id': '59cb59e81c073f09e76f614b', 'name': 'Bitcoin', 'slug': 'bitcoin', 'tradingSymbol': 'BTC'}, {'_id': '5e3844a916c3760019f74d48', 'name': 'Safe', 'slug': 'safe', 'tradingSymbol': 'SAFE'}, {'_id': '5e3844aa16c3760019f74e18', 'name': 'Safe Haven', 'slug': 'safe-haven', 'tradingSymbol': 'SHA'}, {'_id': '5a1aafdbda3d21115462ee14', 'name': 'Change', 'slug': 'change', 'tradingSymbol': 'CAG'}]","What if baby boomers join the battle? That’s what data revealed by Mode Banking, an emerging British cryptocurrency buying platform, suggests. Baby boomers & Generation X have the wind in their sails It’s official, the “baby boomers” (1946-1964) and Generation X (1965-1980) are expanding their field…",2020-07-02T14:48:04.159Z,Bitcoin: A New Safe Haven for Baby Boomers and Generation X,https://cryptocontrol.io/r/api/article/5efdf3a40b40f1001996a2d5?ref=5efdf44922ee0f0018a677ca,"{'_id': '5ccabd7270d74700108556a3', 'name': '7bitcoins', 'url': 'https://7bitcoins.com/', 'favicon': 'https://assets.cryptocontrol.io/favicons/5ccabd7270d74700108556a3.png'}",https://cloudfront.cryptocontrol.io/thumbnails/5efdf3a40b40f1001996a2d5-1593701284172.png,7bitcoins.com,https://7bitcoins.com/wp-content/uploads/2020/04/safe-harbor.png
5efdf0bb0b40f1001996899a,73782.48525081635,0.11043600153242428,General,619,[],"[{'_id': '5e3844a916c3760019f74d48', 'name': 'Safe', 'slug': 'safe', 'tradingSymbol': 'SAFE'}, {'_id': '5e3844aa16c3760019f74e18', 'name': 'Safe Haven', 'slug': 'safe-haven', 'tradingSymbol': 'SHA'}, {'_id': '59cb59e81c073f09e76f614b', 'name': 'Bitcoin', 'slug': 'bitcoin', 'tradingSymbol': 'BTC'}, {'_id': '5e3844aa16c3760019f74ee0', 'name': 'Digital Gold', 'slug': 'digital-gold', 'tradingSymbol': 'GOLD'}]","The recent discovery of 83 tons of counterfeit gold brings into perspective Bitcoin’s advantage in that it cannot be falsified Bitcoin is often called ‘Digital Gold’ since it has similar properties to gold such as being a safe haven asset and being a scarce and highly coveted commodity. However,…",2020-07-02T14:14:56.000Z,"83 Tons of Fake Gold Causes Billions in Losses, Reveals That Bitcoin is Better Than Gold Because it Cannot Be Counterfeited",https://cryptocontrol.io/r/api/article/5efdf0bb0b40f1001996899a?ref=5efdf44922ee0f0018a677ca,"{'_id': '5bb5225f0c38a70019b40b84', 'name': 'Bitcoinnews', 'url': 'https://bitcoinnews.com/', 'favicon': 'https://assets.cryptocontrol.io/favicons/5bb5225f0c38a70019b40b84.png'}",https://cloudfront.cryptocontrol.io/thumbnails/5efdf0bb0b40f1001996899a-1593700539966.jpg,bitcoinnews.com,https://i2.wp.com/bitcoinnews.com/wp-content/uploads/2020/07/fools-gold-277944_960_720.jpg?fit=960%2C640&ssl=1
5efdea560b40f10019964beb,73782.46794735927,0.11133286853070033,Analysis,318,[],"[{'_id': '5b6a328530a21d000f00ae48', 'name': 'Giant', 'slug': 'giant-coin', 'tradingSymbol': 'GIC'}, {'_id': '59cb59e81c073f09e76f614b', 'name': 'Bitcoin', 'slug': 'bitcoin', 'tradingSymbol': 'BTC'}]","It is well known throughout the financial sector that PayPal has shown a keen interest in bitcoin.  Currently, PayPal is looking into hiring blockchain and...
",2020-07-02T14:08:22.873Z,Are XRP and XLM competitors?,https://cryptocontrol.io/r/api/article/5efdea560b40f10019964beb?ref=5efdf44922ee0f0018a677ca,"{'_id': '5b04f195311c75000f476271', 'name': 'Crypto Daily', 'url': 'https://cryptodaily.co.uk', 'favicon': 'https://assets.cryptocontrol.io/favicons/5b04f195311c75000f476271.jpg'}",https://cloudfront.cryptocontrol.io/thumbnails/5efdea560b40f10019964beb-1593698902976.jpg,cryptodaily.co.uk,https://cryptodailycdn.ams3.digitaloceanspaces.com/uploads/featured-images/Generic/person-phone-pay.jpg
5efdeb750b40f100199659b3,73782.44177017818,0.10769610411361284,Government,755,[],"[{'_id': '59cb59e81c073f09e76f614b', 'name': 'Bitcoin', 'slug': 'bitcoin', 'tradingSymbol': 'BTC'}, {'_id': '5a7b931102ac032bc99781f1', 'name': 'DATA', 'slug': 'data', 'tradingSymbol': 'DTA'}, {'_id': '5b0600845d27780010d289f3', 'name': 'RED', 'slug': 'red', 'tradingSymbol': 'RED'}, {'_id': '59d21e9b83a0523906a45db5', 'name': 'Monero', 'slug': 'monero', 'tradingSymbol': 'XMR'}]","For users who value financial privacy, cryptocurrencies have always been extremely relevant alternatives. Cryptocurrencies like Bitcoin have their origin story deep-rooted in this core ideal, clubbed
",2020-07-02T14:00:16.000Z,Can Bitcoin satisfy both privacy-sensitive regulators and users?,https://cryptocontrol.io/r/api/article/5efdeb750b40f100199659b3?ref=5efdf44922ee0f0018a677ca,"{'_id': '5b4b57d8c831fd000f6b7e16', 'name': 'AMB Crypto', 'url': 'https://ambcrypto.com/', 'favicon': 'https://assets.cryptocontrol.io/favicons/5b4b57d8c831fd000f6b7e16.png'}",https://cloudfront.cryptocontrol.io/thumbnails/5efdeb750b40f100199659b3-1593699189647.jpg,eng.ambcrypto.com,https://sfo2.digitaloceanspaces.com/engamb/wp-content/uploads/2020/07/02090600/concrete-2562781_1280.jpg
5efdf3e40b40f1001996a2e5,73782.43472222223,0.1,Analysis,366,[],"[{'_id': '59cb59e81c073f09e76f614b', 'name': 'Bitcoin', 'slug': 'bitcoin', 'tradingSymbol': 'BTC'}, {'_id': '5b7ca78b0c38a700190ebdff', 'name': 'Own', 'slug': 'own', 'tradingSymbol': 'CHX'}]","After a podcast with popular Bitcoin proponent Anthony “Pomp” Pompliano, the famous comedian Bill Burr said that he will buy BTC. Fellow comedian and co-host Bert Kreischer regretted not buying Bitcoin before but seemed more interested in purchasing mining equipment. Current Economic Situation Co…",2020-07-02T14:00:30.000Z,Comedian Bill Burr To Buy Bitcoin For The First Time,https://cryptocontrol.io/r/api/article/5efdf3e40b40f1001996a2e5?ref=5efdf44922ee0f0018a677ca,"{'_id': '5ce406880175730010f47558', 'name': 'Crypto Potato', 'url': 'https://cryptopotato.com/', 'favicon': 'https://assets.cryptocontrol.io/favicons/5ce406880175730010f47558.png'}",https://cloudfront.cryptocontrol.io/thumbnails/5efdf3e40b40f1001996a2e5-1593701348284.jpg,cryptopotato.com,https://cryptopotato.com/wp-content/uploads/2020/07/bill_burr-min.jpg
5efde8100b40f100199632a1,73782.40745963414,0.11570037488096648,General,2319,[],"[{'_id': '59cb59e81c073f09e76f614b', 'name': 'Bitcoin', 'slug': 'bitcoin', 'tradingSymbol': 'BTC'}, {'_id': '59d21e9b83a0523906a45daf', 'name': 'Bitcoin Cash', 'slug': 'bitcoin-cash', 'tradingSymbol': 'BCH'}, {'_id': '5a7b931102ac032bc99781f1', 'name': 'DATA', 'slug': 'data', 'tradingSymbol': 'DTA'}, {'_id': '5c05c3873c4bad0016c2504d', 'name': 'Online', 'slug': 'online', 'tradingSymbol': 'oio'}, {'_id': '5e3844a816c3760019f74b72', 'name': 'Defi', 'slug': 'defi', 'tradingSymbol': 'DEFI'}, {'_id': '59d8e9a749f28d561056731d', 'name': 'Casino', 'slug': 'casino', 'tradingSymbol': 'casino'}, {'_id': '5e3844aa16c3760019f74f7b', 'name': 'TOP', 'slug': 'top', 'tradingSymbol': 'TOP'}, {'_id': '59d21e9b83a0523906a45dbe', 'name': 'Tether', 'slug': 'tether', 'tradingSymbol': 'USDT'}, {'_id': '59cb59f9b0836b0a63aebc7c', 'name': 'Ethereum', 'tradingSymbol': 'ETH', 'slug': 'ethereum'}, {'_id': '5a7b931102ac032bc99781e9', 'name': 'TOKYO', 'slug': 'tokyo', 'tradingSymbol': 'TOKC'}, {'_id': '59d21e9b83a0523906a45e64', 'name': 'Quantum', 'slug': 'quantum', 'tradingSymbol': 'qau'}]",Governments in nearly 100 countries have been sharing offshore bank account information in an effort to crack down on tax evasion. Their “Automatic exchange of information” has led to uncovering 10 trillion euros ($11 trillion) in offshore assets in 84 million bank accounts. The Organisation for…,2020-07-02T13:45:02.000Z,$11 Trillion Offshore Assets Uncovered After 100 Countries Share Information on 84 Million Bank Accounts,https://cryptocontrol.io/r/api/article/5efde8100b40f100199632a1?ref=5efdf44922ee0f0018a677ca,"{'_id': '59d71c67ef8bf95cc2ab0147', 'name': 'Bitcoin.com', 'url': 'https://news.bitcoin.com/', 'favicon': 'https://assets.cryptocontrol.io/favicons/59d71c67ef8bf95cc2ab0147.png'}",https://cloudfront.cryptocontrol.io/thumbnails/5efde8100b40f100199632a1-1593698320741.jpg,news.bitcoin.com,https://news.bitcoin.com/wp-content/uploads/2019/01/offshore-crypto.jpg
5efde9d70b40f10019964bda,73782.38985466858,0.10582689081239759,Analysis,554,[],"[{'_id': '59cb59e81c073f09e76f614b', 'name': 'Bitcoin', 'slug': 'bitcoin', 'tradingSymbol': 'BTC'}, {'_id': '5b7ca78b0c38a700190ebdff', 'name': 'Own', 'slug': 'own', 'tradingSymbol': 'CHX'}]","The number of circulating Bitcoin in existence has always been made exclusive. While this in itself may not seem particularly useful, it is significant for tracking the asset’s overall value. This is an extension of Bitcoin’s most fundamental quality; transparency. However, the same cannot be said…",2020-07-02T13:42:15.000Z,Increased Circulation of Fake Gold Exposes the Asset’s Inflated Value Against Bitcoin,https://cryptocontrol.io/r/api/article/5efde9d70b40f10019964bda?ref=5efdf44922ee0f0018a677ca,"{'_id': '5adc20e7ec0af7be3539d369', 'name': 'ZyCrypto', 'url': 'https://zycrypto.com', 'favicon': 'https://assets.cryptocontrol.io/favicons/5adc20e7ec0af7be3539d369.png'}",https://cloudfront.cryptocontrol.io/thumbnails/5efde9d70b40f10019964bda-1593698775789.jpg,zycrypto.com,https://zycrypto.com/wp-content/uploads/2020/06/Trumping-Gold_-Bitcoin-Continues-to-Thrive-in-2020-Despite-Increased-Volatility.jpg
5efde39d0b40f10019960b5c,73782.38686382484,0.12700271372130603,General,466,[],"[{'_id': '59cb59e81c073f09e76f614b', 'name': 'Bitcoin', 'slug': 'bitcoin', 'tradingSymbol': 'BTC'}, {'_id': '59cb59f9b0836b0a63aebc7c', 'name': 'Ethereum', 'tradingSymbol': 'ETH', 'slug': 'ethereum'}, {'_id': '59d21e9b83a0523906a45e6e', 'name': 'Shift', 'slug': 'shift', 'tradingSymbol': 'SHIFT'}, {'_id': '59d21e9b83a0523906a45db1', 'name': 'Dash', 'slug': 'dash', 'tradingSymbol': 'DASH'}]","Crypto owners in Austria have been offered another opportunity to spend their cryptocurrencies throughout the country. Austrian fintech firm Salamantex has announced that their Crypto Payment Service Software has been integrated into the A1 Payment, a service by one of Austria’s biggest mobile…",2020-07-02T13:33:33.000Z,"More Than 2,500 Merchants In Austria Just Got Closer to Bitcoin",https://cryptocontrol.io/r/api/article/5efde39d0b40f10019960b5c?ref=5efdf44922ee0f0018a677ca,"{'_id': '5c8fbb44a4410000111f614b', 'name': 'CryptoNews', 'url': 'https://cryptonews.com/', 'favicon': 'https://assets.cryptocontrol.io/favicons/5c8fbb44a4410000111f614b.png'}",,cryptonews.com,https://cimg.co/w/articles/0/5ef/de24b09d3d.jpg
5efdeb7c0b40f100199659c4,73782.35999398095,0.10953101798043251,Analysis,318,[],"[{'_id': '59cb59e81c073f09e76f614b', 'name': 'Bitcoin', 'slug': 'bitcoin', 'tradingSymbol': 'BTC'}]","Disclaimer: The findings of the following analysis should materialize over the next 24-48 hours   After dropping down to $8,933 on 27 June, Bitcoin has registered a minor recovery on the charts, wi
",2020-07-02T13:30:10.000Z,Bitcoin short term Price Analysis: 02 July,https://cryptocontrol.io/r/api/article/5efdeb7c0b40f100199659c4?ref=5efdf44922ee0f0018a677ca,"{'_id': '5b4b57d8c831fd000f6b7e16', 'name': 'AMB Crypto', 'url': 'https://ambcrypto.com/', 'favicon': 'https://assets.cryptocontrol.io/favicons/5b4b57d8c831fd000f6b7e16.png'}",https://cloudfront.cryptocontrol.io/thumbnails/5efdeb7c0b40f100199659c4-1593699196659.jpg,eng.ambcrypto.com,https://sfo2.digitaloceanspaces.com/engamb/wp-content/uploads/2020/07/02171444/cherry-5350482_1920-e1593694031391.jpg
5efde76c0b40f10019963266,73782.31148808707,0.10676586484738149,General,933,[],"[{'_id': '59cb59e81c073f09e76f614b', 'name': 'Bitcoin', 'slug': 'bitcoin', 'tradingSymbol': 'BTC'}, {'_id': '5a7b931102ac032bc99781f1', 'name': 'DATA', 'slug': 'data', 'tradingSymbol': 'DTA'}, {'_id': '5b7ca78b0c38a700190ebdff', 'name': 'Own', 'slug': 'own', 'tradingSymbol': 'CHX'}, {'_id': '5e3844a816c3760019f74bf2', 'name': 'Spectrum', 'slug': 'spectrum', 'tradingSymbol': 'SPT'}]","Bitcoin is decentralized, good in an emergency, supported by passionate fans and not likely ever to see mainstream adoption, says our columnist.
",2020-07-02T13:13:42.000Z,JP Koning: How Bitcoin Is Like Ham Radio - CoinDesk,https://cryptocontrol.io/r/api/article/5efde76c0b40f10019963266?ref=5efdf44922ee0f0018a677ca,"{'_id': '59ce11393a44cf289a9a71f5', 'name': 'CoinDesk', 'url': 'http://coindesk.com', 'favicon': 'https://assets.cryptocontrol.io/favicons/59ce11393a44cf289a9a71f5.png'}",https://cloudfront.cryptocontrol.io/thumbnails/5efde76c0b40f10019963266-1593698157295.jpg,coindesk.com,https://static.coindesk.com/wp-content/uploads/2020/07/5582597551_261d6b5b44_k.jpg
5efde7730b40f10019963276,73782.27343253153,0.10676586484738149,General,604,[],"[{'_id': '59cb59e81c073f09e76f614b', 'name': 'Bitcoin', 'slug': 'bitcoin', 'tradingSymbol': 'BTC'}, {'_id': '59d21e9b83a0523906a45daf', 'name': 'Bitcoin Cash', 'slug': 'bitcoin-cash', 'tradingSymbol': 'BCH'}]","Payments processor BitPay has added support for SegWit, three years after a competing block size proposal fractured the Bitcoin community.
",2020-07-02T13:00:00.000Z,"After Years of Resistance, BitPay Adopts SegWit for Cheaper Bitcoin Transactions - CoinDesk",https://cryptocontrol.io/r/api/article/5efde7730b40f10019963276?ref=5efdf44922ee0f0018a677ca,"{'_id': '59ce11393a44cf289a9a71f5', 'name': 'CoinDesk', 'url': 'http://coindesk.com', 'favicon': 'https://assets.cryptocontrol.io/favicons/59ce11393a44cf289a9a71f5.png'}",https://cloudfront.cryptocontrol.io/thumbnails/5efde7730b40f10019963276-1593698164066.jpg,coindesk.com,https://static.coindesk.com/wp-content/uploads/2020/07/wuille.jpg
5efde0ba0b40f1001995f20e,73782.27142314706,0.11906203596086498,Blockchain,404,[],"[{'_id': '59cb59e81c073f09e76f614b', 'name': 'Bitcoin', 'slug': 'bitcoin', 'tradingSymbol': 'BTC'}, {'_id': '5e3844aa16c3760019f74f7b', 'name': 'TOP', 'slug': 'top', 'tradingSymbol': 'TOP'}, {'_id': '5a7b931102ac032bc99781f1', 'name': 'DATA', 'slug': 'data', 'tradingSymbol': 'DTA'}]","Cybersecurity firm Group-IB identifies scam that combines personal data with fake celebrity testimonials to lure potential victims.
",2020-07-02T12:54:51.000Z,"Sophisticated Bitcoin scam exposes data of 250,000 people worldwide",https://cryptocontrol.io/r/api/article/5efde0ba0b40f1001995f20e?ref=5efdf44922ee0f0018a677ca,"{'_id': '5badd2e80c38a70019e35b97', 'name': 'Decrypt Media', 'url': 'https://decryptmedia.com/', 'favicon': 'https://assets.cryptocontrol.io/favicons/5badd2e80c38a70019e35b97.jpg'}",https://cloudfront.cryptocontrol.io/thumbnails/5efde0ba0b40f1001995f20e-1593696442396.jpg,decrypt.co,https://cdn.decrypt.co/resize/1024/height/512/wp-content/uploads/2020/07/Webp.net-resizeimage-20-gID_2.jpg
5efde68e0b40f1001996324f,73782.25948101668,0.11133286853070033,General,337,[],"[{'_id': '5b7ca78b0c38a700190ebdff', 'name': 'Own', 'slug': 'own', 'tradingSymbol': 'CHX'}, {'_id': '59cb59e81c073f09e76f614b', 'name': 'Bitcoin', 'slug': 'bitcoin', 'tradingSymbol': 'BTC'}]","Photo: Shutterstock The digital bank Nubank asked on Twitter on Tuesday (30): “Say: if you could travel back in time, what financial tip would you…
",2020-07-02T12:53:20.000Z,"""Buy Bitcoin"" was the response to Nubank on Twitter about the best financial tip of the last 10 years",https://cryptocontrol.io/r/api/article/5efde68e0b40f1001996324f?ref=5efdf44922ee0f0018a677ca,"{'_id': '5d9ec6b0d37160001a8c2a84', 'name': 'OurBitcoinNews', 'url': 'https://ourbitcoinnews.com/', 'favicon': 'https://assets.cryptocontrol.io/favicons/5d9ec6b0d37160001a8c2a84.png'}",https://cloudfront.cryptocontrol.io/thumbnails/5efde68e0b40f1001996324f-1593697934717.jpg,ourbitcoinnews.com,https://ourbitcoinnews.sfo2.digitaloceanspaces.com/2020/05/shutterstock_1025239828.jpg
5efde7810b40f10019963288,73782.23700864604,0.10487901641694322,ICO,990,[],"[{'_id': '59cb59e81c073f09e76f614b', 'name': 'Bitcoin', 'slug': 'bitcoin', 'tradingSymbol': 'BTC'}, {'_id': '5a7b931102ac032bc99781f1', 'name': 'DATA', 'slug': 'data', 'tradingSymbol': 'DTA'}, {'_id': '5e3844aa16c3760019f74f7b', 'name': 'TOP', 'slug': 'top', 'tradingSymbol': 'TOP'}, {'_id': '5ac2c404a8134644d0cc0a32', 'name': 'Consensus', 'slug': 'consensus', 'tradingSymbol': 'SEN'}]","Crypto.com saw the total number of users increase by 50% in the past few months, to 3 million people.
",2020-07-02T12:47:34.000Z,"First Mover: Crypto.com Says User Growth Coming From Products, Not Token Speculation - CoinDesk",https://cryptocontrol.io/r/api/article/5efde7810b40f10019963288?ref=5efdf44922ee0f0018a677ca,"{'_id': '59ce11393a44cf289a9a71f5', 'name': 'CoinDesk', 'url': 'http://coindesk.com', 'favicon': 'https://assets.cryptocontrol.io/favicons/59ce11393a44cf289a9a71f5.png'}",https://cloudfront.cryptocontrol.io/thumbnails/5efde7810b40f10019963288-1593698177321.jpg,coindesk.com,https://static.coindesk.com/wp-content/uploads/2020/05/Kris-M-2.jpg
5efdd50a0b40f10019958954,73782.19968362806,0.129266961396282,Analysis,456,[],"[{'_id': '59cb5a047ab17a0b2ec00edf', 'name': 'Ripple', 'tradingSymbol': 'xrp', 'slug': 'ripple'}, {'_id': '5afcc60ced3b0e000f40d55c', 'name': 'KEY', 'slug': 'key', 'tradingSymbol': 'key'}, {'_id': '59cb59e81c073f09e76f614b', 'name': 'Bitcoin', 'slug': 'bitcoin', 'tradingSymbol': 'BTC'}, {'_id': '5de5a582d37160001ab4bdff', 'name': 'XRP', 'slug': 'xrp', 'tradingSymbol': 'XRP'}]","XRP has moved sideways over the last few days as the bulls battle to defend $0.175. A break beneath $0.175 could result in XRP unwinding toward $0.15. Against Bitcoin, XRP continues to make lower lows as the sellers flirt with breaking beneath 1900 SAT. Key Support & Resistance Levels XRP/USD:…",2020-07-02T12:25:21.000Z,Ripple Price Analysis: Things Looking Grim for XRP as Bears Attempt To Push Below 1900 SAT,https://cryptocontrol.io/r/api/article/5efdd50a0b40f10019958954?ref=5efdf44922ee0f0018a677ca,"{'_id': '5ce406880175730010f47558', 'name': 'Crypto Potato', 'url': 'https://cryptopotato.com/', 'favicon': 'https://assets.cryptocontrol.io/favicons/5ce406880175730010f47558.png'}",https://cloudfront.cryptocontrol.io/thumbnails/5efdd50a0b40f10019958954-1593693450721.jpg,cryptopotato.com,https://cryptopotato.com/wp-content/uploads/2020/03/ripple_bear_red-min.jpg
5efdd84d0b40f1001995b186,73782.19600993347,0.11823215567939548,Analysis,528,[],"[{'_id': '5b4be006c831fd000fc41c2d', 'name': 'Record', 'slug': 'record', 'tradingSymbol': 'rcd'}, {'_id': '59cb59e81c073f09e76f614b', 'name': 'Bitcoin', 'slug': 'bitcoin', 'tradingSymbol': 'BTC'}, {'_id': '5a1aafdbda3d21115462ee98', 'name': 'Macro', 'slug': 'macro1', 'tradingSymbol': 'mcr'}, {'_id': '5e3844a816c3760019f74be2', 'name': 'Rally', 'slug': 'rally', 'tradingSymbol': 'RALLY'}, {'_id': '59d8e9a849f28d56105674fd', 'name': 'First Bitcoin', 'slug': 'first-bitcoin', 'tradingSymbol': 'BIT'}]","The stock price of Tesla surpassed $1,200 in pre-market, and is now 30% higher than the market cap of Bitcoin.
The stock price of Tesla (TSLA) surpassed $1,200 in pre-market, achieving a market capitalization of over $220 billion. Now, the most valuable car company in the world is worth 30% more…",2020-07-02T12:28:00.000Z,"Tesla Stock Surpasses $1,200 — Now 30% Higher Than Bitcoin Market Cap",https://cryptocontrol.io/r/api/article/5efdd84d0b40f1001995b186?ref=5efdf44922ee0f0018a677ca,"{'_id': '59d70be3ef8bf95cc2aa2b4f', 'name': 'CoinTelegraph', 'url': 'https://cointelegraph.com/', 'favicon': 'https://assets.cryptocontrol.io/favicons/59d70be3ef8bf95cc2aa2b4f.png'}",https://cloudfront.cryptocontrol.io/thumbnails/5efdd84d0b40f1001995b186-1593694285771.jpg,cointelegraph.com,https://images.cointelegraph.com/images/740_aHR0cHM6Ly9zMy5jb2ludGVsZWdyYXBoLmNvbS9zdG9yYWdlL3VwbG9hZHMvdmlldy8wMTBhM2NkNWViZDcyZmJkMWVhNDhlMWZiYWJlNTUzNS5qcGc=.jpg
5efdd2a50b40f10019956f73,73782.15901919272,0.11823215567939548,General,199,[],"[{'_id': '59cb59e81c073f09e76f614b', 'name': 'Bitcoin', 'slug': 'bitcoin', 'tradingSymbol': 'BTC'}, {'_id': '5a7b931102ac032bc99781e9', 'name': 'TOKYO', 'slug': 'tokyo', 'tradingSymbol': 'TOKC'}, {'_id': '59d21e9b83a0523906a45daf', 'name': 'Bitcoin Cash', 'slug': 'bitcoin-cash', 'tradingSymbol': 'BCH'}]","Again, the deadline for the now-defunct Mt Gox Bitcoin settlement has been postponed by the Tokyo District Court. This is coming after the Rehabilitation Trustee filed for an additional extension of the date. Thus, the new date has been fixed to October 15. Mt Gox Bitcoin settlement deadline…",2020-07-02T12:14:41.000Z,Tokyo court postpones Mt Gox Bitcoin settlement date to October 15,https://cryptocontrol.io/r/api/article/5efdd2a50b40f10019956f73?ref=5efdf44922ee0f0018a677ca,"{'_id': '5bda96120c38a7001984d502', 'name': 'Cryptopolitan', 'url': 'https://www.cryptopolitan.com/', 'favicon': 'https://assets.cryptocontrol.io/favicons/5bda96120c38a7001984d502.png'}",https://cloudfront.cryptocontrol.io/thumbnails/5efdd2a50b40f10019956f73-1593692840181.jpg,cryptopolitan.com,https://r5y5g3p7.rocketcdn.me/wp-content/uploads/2020/04/bitcoin-2007769_1920.jpg
5efdd8500b40f1001995b198,73782.13877366607,0.11655144384775734,Blockchain,440,[],"[{'_id': '59cb59e81c073f09e76f614b', 'name': 'Bitcoin', 'slug': 'bitcoin', 'tradingSymbol': 'BTC'}, {'_id': '59d21e9b83a0523906a45db5', 'name': 'Monero', 'slug': 'monero', 'tradingSymbol': 'XMR'}]","Multi-blockchain explorer Blockchair has added a privacy score for each Bitcoin transaction with the goal of educating users on how to not reveal themselves.
Multi-platform blockchain explorer Blockchair has added a “privacy-o-meter” for every Bitcoin ( BTC ) transaction that identifies which part…",2020-07-02T12:08:00.000Z,Blockchain Explorer to Educate Users With a Bitcoin Transaction Privacy Score,https://cryptocontrol.io/r/api/article/5efdd8500b40f1001995b198?ref=5efdf44922ee0f0018a677ca,"{'_id': '59d70be3ef8bf95cc2aa2b4f', 'name': 'CoinTelegraph', 'url': 'https://cointelegraph.com/', 'favicon': 'https://assets.cryptocontrol.io/favicons/59d70be3ef8bf95cc2aa2b4f.png'}",https://cloudfront.cryptocontrol.io/thumbnails/5efdd8500b40f1001995b198-1593694288584.jpg,cointelegraph.com,https://images.cointelegraph.com/images/740_aHR0cHM6Ly9zMy5jb2ludGVsZWdyYXBoLmNvbS9zdG9yYWdlL3VwbG9hZHMvdmlldy8wNDA0NDIxYWU2NGY2NmI2NjI5ODFhZGIzMzk2OTc0NS5qcGc=.jpg
5efdcc830b40f1001995535b,73782.12744013015,0.12623642644674912,Analysis,481,[],"[{'_id': '59cb59e81c073f09e76f614b', 'name': 'Bitcoin', 'slug': 'bitcoin', 'tradingSymbol': 'BTC'}, {'_id': '59d21e9b83a0523906a45db5', 'name': 'Monero', 'slug': 'monero', 'tradingSymbol': 'XMR'}, {'_id': '59d21e9b83a0523906a45dc6', 'name': 'Basic Attention Token', 'slug': 'basic-attention-token', 'tradingSymbol': 'BAT'}, {'_id': '5bfc89093c4bad0016670af9', 'name': 'Bitcoin SV', 'slug': 'bitcoin-sv', 'tradingSymbol': 'BSV'}, {'_id': '59d21e9b83a0523906a45f2b', 'name': 'Altcoin', 'slug': 'altcoin-alt', 'tradingSymbol': 'alt'}]","As Bitcoin's price continued to struggle below the coveted $10k mark, the altcoin market was also one to endure significant losses and bearishness. Over the past week, popular altcoins like Bitcoin SV
",2020-07-02T12:00:26.000Z,"Bitcoin SV, Monero, BAT Price Analysis: 02 July",https://cryptocontrol.io/r/api/article/5efdcc830b40f1001995535b?ref=5efdf44922ee0f0018a677ca,"{'_id': '5b4b57d8c831fd000f6b7e16', 'name': 'AMB Crypto', 'url': 'https://ambcrypto.com/', 'favicon': 'https://assets.cryptocontrol.io/favicons/5b4b57d8c831fd000f6b7e16.png'}",https://cloudfront.cryptocontrol.io/thumbnails/5efdcc830b40f1001995535b-1593691267184.jpg,eng.ambcrypto.com,https://sfo2.digitaloceanspaces.com/engamb/wp-content/uploads/2020/07/02132847/clouds-1768967_1280.jpg
5efdcb660b40f10019953c76,73782.10982828033,0.11988508587451652,General,331,[],"[{'_id': '59cb59e81c073f09e76f614b', 'name': 'Bitcoin', 'slug': 'bitcoin', 'tradingSymbol': 'BTC'}, {'_id': '59cb5a047ab17a0b2ec00edf', 'name': 'Ripple', 'tradingSymbol': 'xrp', 'slug': 'ripple'}]","Anthony Pompliano has recently stated that if ripple is successful in the long term, it doesn’t necessarily mean that it’s token will be too.  Speaking...
",2020-07-02T11:56:22.773Z,BitGreen is Making an Impact!,https://cryptocontrol.io/r/api/article/5efdcb660b40f10019953c76?ref=5efdf44922ee0f0018a677ca,"{'_id': '5b04f195311c75000f476271', 'name': 'Crypto Daily', 'url': 'https://cryptodaily.co.uk', 'favicon': 'https://assets.cryptocontrol.io/favicons/5b04f195311c75000f476271.jpg'}",https://cloudfront.cryptocontrol.io/thumbnails/5efdcb660b40f10019953c76-1593690984598.jpg,cryptodaily.co.uk,https://cryptodailycdn.ams3.digitaloceanspaces.com/uploads/featured-images/Ripple/ripple-duality-grey.jpg
5efdcb660b40f10019953c75,73782.10898661929,0.11906203596086498,General,894,[],"[{'_id': '59cb59e81c073f09e76f614b', 'name': 'Bitcoin', 'slug': 'bitcoin', 'tradingSymbol': 'BTC'}, {'_id': '59d21e9b83a0523906a45daf', 'name': 'Bitcoin Cash', 'slug': 'bitcoin-cash', 'tradingSymbol': 'BCH'}]","In an unstable market, futures (especially Bitcoin) are one of the most popular tools for earning money without leaving your home. They have a number...
",2020-07-02T11:56:22.371Z,BitGreen is Making an Impact!,https://cryptocontrol.io/r/api/article/5efdcb660b40f10019953c75?ref=5efdf44922ee0f0018a677ca,"{'_id': '5b04f195311c75000f476271', 'name': 'Crypto Daily', 'url': 'https://cryptodaily.co.uk', 'favicon': 'https://assets.cryptocontrol.io/favicons/5b04f195311c75000f476271.jpg'}",https://cloudfront.cryptocontrol.io/thumbnails/5efdcb660b40f10019953c75-1593690982769.jpg,cryptodaily.co.uk,https://cryptodailycdn.ams3.digitaloceanspaces.com/uploads/featured-images/Generic/people-talking-table.jpg
5efdd9180b40f1001995b1d5,73782.1064530905,0.10487901641694322,Analysis,456,[],"[{'_id': '59cb59e81c073f09e76f614b', 'name': 'Bitcoin', 'slug': 'bitcoin', 'tradingSymbol': 'BTC'}, {'_id': '5a1aafdbda3d21115462ee14', 'name': 'Change', 'slug': 'change', 'tradingSymbol': 'CAG'}]","Bitcoin’s price action has been extremely boring over the past two months. The crypto has been range-bound, barely deviating from a medium-term range as bulls and bears duke it out. This comes in spite of the fact that by multiple on-chain measures, Bitcoin is stronger than ever. On-Chain Case For a…",2020-07-02T12:00:34.000Z,The On-Chain Case for an Imminent Bitcoin Bull Market Just Gained Strength,https://cryptocontrol.io/r/api/article/5efdd9180b40f1001995b1d5?ref=5efdf44922ee0f0018a677ca,"{'_id': '59d8e471ef8bf95cc2c16858', 'name': 'Bitcoinist', 'url': 'https://bitcoinist.com', 'favicon': 'https://assets.cryptocontrol.io/favicons/59d8e471ef8bf95cc2c16858.png'}",https://cloudfront.cryptocontrol.io/thumbnails/5efdd9180b40f1001995b1d5-1593694489765.jpg,bitcoinist.com,https://bitcoinist.com/wp-content/uploads/2020/06/shutterstock_55856719-2-1920x1210.jpg
5efdd2a90b40f10019956f74,73782.06963660211,0.12070141693843262,General,159,[],"[{'_id': '59cb59e81c073f09e76f614b', 'name': 'Bitcoin', 'slug': 'bitcoin', 'tradingSymbol': 'BTC'}]","Blockchain researcher at the Tel Aviv-based cryptocurrency wallet startup, ZenGo has uncovered a vulnerability in major digital currency wallets, which could potentially result in Bitcoin double-spending. Most of these wallet providers have been informed and have also taken up measures to prevent…",2020-07-02T11:41:37.000Z,Bitcoin double-spending vulnerability uncovered in major crypto wallets,https://cryptocontrol.io/r/api/article/5efdd2a90b40f10019956f74?ref=5efdf44922ee0f0018a677ca,"{'_id': '5bda96120c38a7001984d502', 'name': 'Cryptopolitan', 'url': 'https://www.cryptopolitan.com/', 'favicon': 'https://assets.cryptocontrol.io/favicons/5bda96120c38a7001984d502.png'}",https://cloudfront.cryptocontrol.io/thumbnails/5efdd2a90b40f10019956f74-1593692841961.jpg,cryptopolitan.com,https://r5y5g3p7.rocketcdn.me/wp-content/uploads/2020/05/hacker-3342696_1920.jpg
5efdd45c0b40f1001995863a,73782.05976949292,0.11310282624064044,Exchanges,366,[],"[{'_id': '59cb59e81c073f09e76f614b', 'name': 'Bitcoin', 'slug': 'bitcoin', 'tradingSymbol': 'BTC'}, {'_id': '59d21e9b83a0523906a45dc1', 'name': 'Kyber Network', 'slug': 'kyber-network', 'tradingSymbol': 'KNC'}, {'_id': '5e3844a916c3760019f74d25', 'name': 'Swap', 'slug': 'swap', 'tradingSymbol': 'XWP'}, {'_id': '59d21e9b83a0523906a45ded', 'name': 'Bancor', 'slug': 'bancor', 'tradingSymbol': 'BNT'}]","On a day when major cryptoassets like bitcoin (BTC) and ethereum (ETH) barely moved at all, the decentralized token swap protocol Kyber Network’s KNC token saw a massive rise in price for the fifth consecutive day as the launch of its Katalyst platform upgrade got closer. The token, ranked 37th by…",2020-07-02T11:40:48.000Z,Kyber Network Doubles in a Month as Platform Upgrade Nears,https://cryptocontrol.io/r/api/article/5efdd45c0b40f1001995863a?ref=5efdf44922ee0f0018a677ca,"{'_id': '5c8fbb44a4410000111f614b', 'name': 'CryptoNews', 'url': 'https://cryptonews.com/', 'favicon': 'https://assets.cryptocontrol.io/favicons/5c8fbb44a4410000111f614b.png'}",https://cloudfront.cryptocontrol.io/thumbnails/5efdd45c0b40f1001995863a-1593693276575.jpg,cryptonews.com,https://cimg.co/w/articles/0/5ef/dc7de42f9a.jpg
5efdcc870b40f1001995535e,73782.02948101668,0.11133286853070033,General,393,[],"[{'_id': '59cb59e81c073f09e76f614b', 'name': 'Bitcoin', 'slug': 'bitcoin', 'tradingSymbol': 'BTC'}, {'_id': '5e3844a916c3760019f74d48', 'name': 'Safe', 'slug': 'safe', 'tradingSymbol': 'SAFE'}]","Privacy? What privacy?  While most users of Bitcoin and other cryptocurrencies value their financial privacy, not all of them understand the true nature of Bitcoin. Bitcoin does not guarantee anonym
",2020-07-02T11:30:32.000Z,"3 snippets to begin your day: Bitcoin's been busy, another crypto-ETP and more",https://cryptocontrol.io/r/api/article/5efdcc870b40f1001995535e?ref=5efdf44922ee0f0018a677ca,"{'_id': '5b4b57d8c831fd000f6b7e16', 'name': 'AMB Crypto', 'url': 'https://ambcrypto.com/', 'favicon': 'https://assets.cryptocontrol.io/favicons/5b4b57d8c831fd000f6b7e16.png'}",https://cloudfront.cryptocontrol.io/thumbnails/5efdcc870b40f1001995535e-1593691271481.jpg,eng.ambcrypto.com,https://sfo2.digitaloceanspaces.com/engamb/wp-content/uploads/2020/07/02162920/breakfast-1246686_1280.jpg
5efdd50e0b40f1001995896b,73782.02199171514,0.11310282624064044,Analysis,460,[],"[{'_id': '59cb59e81c073f09e76f614b', 'name': 'Bitcoin', 'slug': 'bitcoin', 'tradingSymbol': 'BTC'}, {'_id': '5a1aafdbda3d21115462ee72', 'name': 'Tezos', 'slug': 'tezos', 'tradingSymbol': 'XTZ'}, {'_id': '5e3844a816c3760019f74b5a', 'name': 'BOLT', 'slug': 'bolt', 'tradingSymbol': 'BOLT'}]","The last few weeks were quite stagnant for Bitcoin in terms of price movement, considering the cryptocurrency is famed for its price action. However, while BTC price is looking pretty unexciting in recent times, Bitcoin is fundamentally strong as the network activities continue to record new highs.…",2020-07-02T11:27:12.000Z,Fundamentally Strong: Bitcoin Hit These Highs Today Despite Stagnant Price Action,https://cryptocontrol.io/r/api/article/5efdd50e0b40f1001995896b?ref=5efdf44922ee0f0018a677ca,"{'_id': '5ce406880175730010f47558', 'name': 'Crypto Potato', 'url': 'https://cryptopotato.com/', 'favicon': 'https://assets.cryptocontrol.io/favicons/5ce406880175730010f47558.png'}",https://cloudfront.cryptocontrol.io/thumbnails/5efdd50e0b40f1001995896b-1593693454767.jpg,cryptopotato.com,https://cryptopotato.com/wp-content/uploads/2020/07/fundamentals-min-min.jpg
5efdd2af0b40f10019956f76,73781.97134356698,0.11310282624064044,General,160,[],"[{'_id': '5e3844a916c3760019f74d40', 'name': 'Request', 'slug': 'request', 'tradingSymbol': 'REQ'}, {'_id': '59cb59e81c073f09e76f614b', 'name': 'Bitcoin', 'slug': 'bitcoin', 'tradingSymbol': 'BTC'}]","A Russian court has reportedly declined a stolen Bitcoin repayment request because Bitcoin and other cryptocurrencies are not recognized as legal tender. Nearly 100 BTC is likely lost in this case; however, the court approved the victim’s other repayment request, which involved the Russian Rubles.…",2020-07-02T11:08:58.000Z,"Russian court declines stolen Bitcoin repayment request, says it’s not a property",https://cryptocontrol.io/r/api/article/5efdd2af0b40f10019956f76?ref=5efdf44922ee0f0018a677ca,"{'_id': '5bda96120c38a7001984d502', 'name': 'Cryptopolitan', 'url': 'https://www.cryptopolitan.com/', 'favicon': 'https://assets.cryptocontrol.io/favicons/5bda96120c38a7001984d502.png'}",https://cloudfront.cryptocontrol.io/thumbnails/5efdd2af0b40f10019956f76-1593692847501.jpg,cryptopolitan.com,https://r5y5g3p7.rocketcdn.me/wp-content/uploads/2020/05/justice-2060093_1920.jpg
5efdc3970b40f1001994fc48,73781.96260032183,0.13074846997479606,General,584,[],"[{'_id': '59cb59e81c073f09e76f614b', 'name': 'Bitcoin', 'slug': 'bitcoin', 'tradingSymbol': 'BTC'}, {'_id': '5e3844a816c3760019f74be2', 'name': 'Rally', 'slug': 'rally', 'tradingSymbol': 'RALLY'}, {'_id': '5cd36d8270d74700100891ad', 'name': 'NEXT', 'slug': 'next', 'tradingSymbol': 'NET'}, {'_id': '5e3844aa16c3760019f74f7b', 'name': 'TOP', 'slug': 'top', 'tradingSymbol': 'TOP'}]","Bitcoin analyst Edward Morra sees price heading towards $9,575 in the coming sessions. The prediction surfaces after the cryptocurrency failed to close above its short-term resistance level near $9,285. It also appears as global risk-on sentiment improves on positive job reports and vaccine hopes.…",2020-07-02T10:59:28.000Z,Analyst Expects Bitcoin Above $9.5K in Near-Term as Risk-On Sentiment Improves,https://cryptocontrol.io/r/api/article/5efdc3970b40f1001994fc48?ref=5efdf44922ee0f0018a677ca,"{'_id': '59d71bd7ef8bf95cc2aaf579', 'name': 'NewsBTC', 'url': 'http://www.newsbtc.com', 'favicon': 'https://assets.cryptocontrol.io/favicons/59d71bd7ef8bf95cc2aaf579.png'}",https://cloudfront.cryptocontrol.io/thumbnails/5efdc3970b40f1001994fc48-1593688984860.jpg,newsbtc.com,https://www.newsbtc.com/wp-content/uploads/2020/06/shutterstock_1088159927.jpg
